id,name,phone,vehicle_type,region_id
1,John Bennett,853.247.2505,Scooter,8
2,Brooke Murphy,+1-333-430-3115,Bike,7
3,Mark Poole,+1-876-054-5769x47576,Scooter,1
4,Daniel Gray,001-453-536-5974,Bike,4
5,Steven White,(698)616-3421x2545,Car,7
6,Joshua White,8095948152,Scooter,7
7,Cody Valentine,001-692-559-6647x21307,Scooter,10
8,Brittany Mccormick,235-914-2614x048,Scooter,1
9,Scott Jones,001-332-614-5430,Scooter,10
10,Amanda Williams,963.731.0081x785,Car,7
11,Jennifer Rhodes,(211)587-1845,Bike,8
12,Aaron Duran,(354)268-7447,Bike,1
13,Susan Dixon,1732086523,Scooter,6
14,Christian Leach,772.966.5633x701,Car,5
15,James Robinson,005-278-1055x800,Bike,7
16,Timothy Campbell,2722142573,Bike,7
17,Tina Mclean,609-439-1368,Bike,9
18,Paul Ferrell,+1-172-031-3695x5286,Bike,9
19,Vicki Hayes,(092)973-5259,Bike,10
20,Shannon Miller,(332)227-3938x992,Bike,4
21,Linda Henderson,4573532366,Car,8
22,Anthony Ashley,850-761-0870,Scooter,4
23,Michael Khan,269.718.2360x10712,Bike,5
24,Stacey Thomas,(158)388-2176x4846,Car,7
25,Joseph Jones,357.422.3322x2801,Car,8
26,John Johnson,001-944-258-9222x56062,Scooter,1
27,April Wallace,+1-535-063-7311x804,Scooter,7
28,Gregory Martin,(741)307-5384x1852,Bike,6
29,Krista White,1362608463,Scooter,7
30,Tyler Garcia,001-756-154-7055,Scooter,3
31,Molly Jackson,912-151-6411x955,Car,8
32,Thomas Floyd,(409)196-9395x78752,Car,3
33,Susan Sharp,7020426201,Car,10
34,Krystal Hamilton,+1-712-124-1393x696,Bike,9
35,Kathy Lewis,897.609.8731x267,Bike,1
36,Joshua Miller,319.227.6075x9889,Scooter,7
37,Emily Brady,865.339.4319x1654,Scooter,10
38,Julie Padilla,089.523.1202,Bike,10
39,Justin Williams,915-057-6449,Bike,1
40,Willie Morgan,+1-747-000-2687x6448,Car,2
41,Joseph Stokes,+1-676-497-9741x63656,Bike,7
42,Cindy Kelley,001-045-006-3553x730,Bike,3
43,Tommy Romero,001-649-692-7711,Scooter,8
44,Stephanie Lara,+1-952-963-5305x9702,Scooter,3
45,Tyrone Collins,(512)827-6364x315,Car,1
46,Brendan Palmer,+1-489-895-9654x663,Bike,5
47,Paul Martin,544-344-1491x6999,Scooter,7
48,Juan Gilbert,934.497.4394,Bike,6
49,Lori Roberson,(408)822-3095x86297,Bike,4
50,Matthew Moore,001-398-894-1321x0972,Car,8
51,Donald Freeman,2170754853,Bike,6
52,Daniel Anderson,655-792-2030x0449,Car,6
53,Kelly Rodriguez,(461)293-9002x51213,Scooter,7
54,Troy Ward,001-756-589-6359x5708,Scooter,5
55,Christina Smith,(199)314-5843x45663,Scooter,7
56,Mark Smith,138-850-3423,Scooter,5
57,Daniel Williams,(220)334-7424x63104,Car,2
58,Melissa Robinson,796.868.0085,Car,8
59,Mitchell Jimenez,001-294-690-2177x417,Scooter,1
60,Bethany Liu,304-350-2385x022,Scooter,9
61,Mitchell Williams,+1-946-652-7523,Scooter,1
62,Bianca Davis,282.930.2025,Car,6
63,Anthony King,(913)303-0334x6771,Scooter,4
64,Michael Summers,001-167-507-6279x9553,Car,2
65,Ricky Hall,001-024-530-1239x8472,Bike,1
66,Joyce Kelly,034.202.8471,Scooter,1
67,Anne Medina,001-017-222-4050,Car,4
68,Benjamin Johnson,648.717.7546x199,Car,4
69,Kyle Perry,(406)583-8727,Car,1
70,Melissa Newton,+1-258-122-5909x5668,Bike,10
71,James Franklin,482-373-3791x2121,Scooter,3
72,Caitlin Curry,018-780-3586,Car,4
73,Barbara Glover,001-901-707-4039x2519,Scooter,3
74,Ryan Harmon,+1-945-295-1712x227,Car,8
75,Andrea Hughes,(433)872-2054x2216,Scooter,2
76,Keith Solis,(654)963-3083,Bike,10
77,Bryan Tucker,444.704.8878,Car,4
78,Holly Grant,+1-950-470-2059x685,Car,8
79,Ryan Skinner,953-774-9266,Bike,5
80,Julia Mullins,+1-329-563-4277x7522,Scooter,6
81,Janet Graves,(920)616-5812x920,Car,3
82,Angela Hunt,+1-592-294-1156x3029,Bike,10
83,Isaiah Turner,596-363-7262x94206,Car,10
84,Phillip Scott,(154)980-8513x3138,Car,2
85,Jessica Reynolds,001-004-983-2112x21215,Car,3
86,Melinda Jacobs,001-481-582-6868x7640,Scooter,5
87,Danny Butler,918-548-8064,Bike,2
88,Matthew Bennett,200-629-8778x7358,Bike,10
89,Carl Jackson,664-641-9623x42192,Bike,1
90,Stephen Wilson,001-622-132-0410x429,Bike,5
91,Charles Robinson,831-478-9117x972,Car,10
92,Chad Poole,001-699-994-9812x83180,Scooter,7
93,Matthew Dominguez,3666020005,Bike,7
94,Christian Shelton,285.386.3105,Scooter,4
95,Makayla Friedman,+1-052-438-3805x8269,Bike,2
96,Katherine Downs,(990)076-8627,Bike,10
97,Lisa Singh,001-633-283-8963x37618,Car,4
98,Brittany Allen,186-267-1368x41013,Car,2
99,Robert Miller,(823)392-1883,Car,5
100,Melanie Baker,(279)187-5067x761,Scooter,10
