id,name,email,phone,address,region_id
1,Lindsey Roman,laurahicks@galloway.com,+1-665-535-5904x25979,"037 Linda Port Apt. 516, New Timothyberg, VA 05972",2
2,Kimberly Dudley,wardashley@yahoo.com,(703)352-1103,"356 Turner Vista Apt. 000, New Cathy, TX 90101",1
3,Juan Calderon,jonesraymond@higgins.org,+1-240-514-7705x383,"66266 Darrell Crest Suite 535, Hullbury, CO 77652",5
4,Shannon Ray,teresaday@owens-holmes.com,884.879.2069,"890 Morgan Gateway Apt. 102, Whiteton, MI 79460",4
5,Amber Perez,ryanbartlett@guerra.com,+1-804-204-3940x70164,"2967 Diane Club, Shawnaborough, VT 96867",4
6,Bobby Hall,fernandodonovan@gmail.com,+1-510-463-6815x79812,"4584 Alison Grove, Heidihaven, AR 45935",3
7,Donald Reid,meghan43@hotmail.com,878.003.8457,"PSC 9741, Box 3283, APO AA 97744",2
8,Jacob Clark,colleenmendez@gmail.com,(205)554-3840x4608,"2037 Benton Brooks, Huffview, OR 50855",9
9,Timothy Wong,georgeweber@morgan.com,325-621-6893x639,"49670 Cruz Cape, East Nicolas, NE 70295",2
10,Carolyn Daniel,frykelli@curtis-wang.biz,(649)578-2329,"85095 Patrick Ramp Apt. 059, Glennton, CT 73022",10
11,James Mayo,ismall@may-turner.com,+1-324-826-2925,"769 Martin Light Suite 320, Laurenview, IA 71647",7
12,Kristin Cohen,shawn02@yahoo.com,881-252-0566,"94544 David Port Suite 427, Smithtown, AZ 47519",1
13,Patty Perez,vmarshall@hotmail.com,742-312-2099x4999,"0914 Ashley Mill, West Katie, KS 65372",1
14,Ethan Adams,michelle55@anderson-wood.net,933.051.7289,"90310 Gabrielle Wall, Rileyton, VT 30379",2
15,Tommy Walter,john14@wright-davis.com,526.772.2330x6046,"0580 Michael Club Suite 181, East Mark, TX 55022",4
16,Matthew Foster,kwright@yahoo.com,331.279.7573,"2059 Rogers Lodge Suite 749, East Michealport, OR 03847",4
17,Judy Baker,kathrynjimenez@hotmail.com,(609)656-9998x80817,"8895 Nicholas Prairie, Lake Jessicafurt, SD 10782",9
18,Justin Baker,fkoch@gmail.com,038.860.8680x347,"USNS Cunningham, FPO AP 83118",10
19,Stephanie Ross,pwagner@aguilar.com,(447)264-9082x7718,"180 Hopkins Pike Suite 543, Rhondamouth, WI 47944",1
20,Zachary Hicks,pharper@hotmail.com,298-266-5702,"137 Cox Knoll Apt. 579, South Kristie, OK 16921",9
21,Anthony Rodriguez,amanda16@gmail.com,937.145.2111x751,"PSC 3692, Box 9445, APO AA 15962",4
22,Rebecca Henderson,kathryn50@yahoo.com,689.268.6025x92222,"297 Rachel Wells Suite 021, Bakerside, NJ 97868",9
23,James Ferrell,michaelroberts@gordon-duran.com,001-064-474-2123x09407,"0212 Strong Knoll, South Heidi, VT 38956",7
24,Tricia Valencia,theresalong@grant-diaz.com,780.973.3977x6719,"991 Charles Knoll Suite 676, Katherineberg, HI 95358",4
25,Nathan Maldonado,cporter@taylor.info,+1-038-498-3022x050,"09957 Flores Fall, Shirleyville, ME 65157",8
26,Debra Davidson,catherinerobertson@yahoo.com,(099)451-0162,"5652 Bobby Street Apt. 684, Coryport, DE 38229",10
27,Jeffrey Chavez,phillipjensen@yahoo.com,(499)982-7950,"24491 Elizabeth Divide Apt. 388, North Carmen, ND 71006",5
28,Sherri Baker,terickson@yahoo.com,455-616-8147,"0534 Dennis Pike, Port Shawn, DE 94381",1
29,Cassandra Gaines,mark16@parker.com,(145)868-3390,"6741 Victoria Street, West Lindabury, CA 43376",3
30,Elizabeth Fowler,tammy99@gmail.com,981-794-6954,"7815 Ryan Squares Suite 380, East Derrickfurt, IN 88758",7
31,Brittany Farmer,ojackson@harvey.com,995.299.7877x29343,"72742 Cynthia Corners Apt. 061, Grantborough, HI 05588",6
32,Paula Moreno,leescott@hernandez-vaughn.biz,1071396605,"693 Washington Shoals Apt. 434, Henryfurt, MI 71727",5
33,Fred Smith,thorntonapril@hotmail.com,(830)344-1448x850,"14675 Elaine Crescent, South Stephanie, DE 46058",3
34,Sherry Decker,ufox@gmail.com,556-990-2355,"7963 Kelly Parkways, Port Kirsten, OH 42862",4
35,Anthony Humphrey,amy49@yahoo.com,+1-770-272-7857x60849,"6766 Gaines Grove Suite 350, Sethbury, GA 70757",6
36,Angelica Tucker,joshuaevans@wise-bush.info,001-588-039-5512x4056,"952 Stephanie Brooks, Davismouth, MI 72969",2
37,Philip Cannon,ybailey@hotmail.com,+1-829-962-9145x0461,"358 Tracie Villages, Heathbury, GA 49506",2
38,John Pierce,david86@yahoo.com,357.438.4215x0317,"300 Kari Pine, New Raymondfort, GA 37606",7
39,Shane Henderson,kellyroberts@hotmail.com,078.235.7845x21823,"304 Lisa Lane, Andersonview, CO 10531",2
40,Joshua Blair,sandra47@harris.com,001-076-810-4091x5701,"08921 Lee Rest Suite 568, West Joshuaborough, KS 86490",6
41,Eric Carney,danielyang@gmail.com,409.435.3344x85714,"6136 Webb Squares Apt. 607, Beanside, CT 59780",6
42,Jessica Holmes,santiagoamanda@hall.info,(241)098-8138,"3757 Dawn Isle, Port Crystal, CT 74017",10
43,Danny Morgan,adampierce@russell.info,(854)249-3214x958,"312 Jensen Mountains Apt. 074, Collinsmouth, FL 05286",5
44,Crystal Robinson,manuel01@andrews.com,020.701.6016x629,"43878 Edwards Run Apt. 577, North Ronaldland, DC 99707",1
45,Mark Perez,lkhan@osborn.info,001-795-453-8179,"37106 Jackson Unions, Taylorside, MO 01714",8
46,Shannon Jones,nancy04@morrison.info,(171)747-7332,"4859 Elliott Expressway Apt. 483, Aprilview, NH 28107",9
47,Michael Lewis,melissamcdonald@gmail.com,+1-456-255-7701x715,"USNS Martin, FPO AP 62612",2
48,Timothy Duncan,francisco74@lopez.org,724.599.2816x1581,"27104 James Court Suite 510, Wheelerland, SC 73790",7
49,Richard Aguirre,cherylfowler@wilcox-robertson.com,876-963-9382x7615,"034 Hoover Ways Suite 945, Villaside, SD 86925",2
50,Brent Jordan,lopezdonald@yahoo.com,966.958.3219,"34249 David Pike, Riverashire, KY 97135",9
51,John Daniel,greenjoe@finley-turner.org,199.758.1724x6191,"20331 Douglas Mountains Apt. 510, New Lindsay, TN 62326",5
52,Victoria Garcia,desiree30@wilson.net,+1-965-701-3290x22784,"86667 Collins Pike, Alyssaborough, SC 36904",10
53,Gerald Hensley,fowlershelia@yahoo.com,(997)335-4946x5190,"774 Angela Mews Suite 205, Townsendstad, NE 28521",6
54,Connor West,susanmendoza@adkins-obrien.biz,+1-862-405-8008x514,"5203 Ward Fields, New Lanceville, MN 33761",10
55,Donald Wright,kathleenbecker@hotmail.com,3696566668,"404 Sanders Square, Joshuaton, AK 94614",4
56,Jessica Callahan,xrice@stark.com,272.386.5624,"PSC 9772, Box 7810, APO AA 04280",2
57,Amber Kidd,franklinbond@wilson-harris.org,+1-220-102-7621x26796,"221 Flowers Crest, South Danaton, CT 71815",1
58,Tracy House,nolansean@gmail.com,+1-278-687-6532x690,"905 Hurst Extension, Zacharyfurt, TN 88272",4
59,Carol Tucker,williambryant@gmail.com,001-738-468-9500,"241 Scott Harbor, Lake William, SC 98389",5
60,James Brown,jennifer64@gmail.com,001-751-971-2847,"4851 Owens Villages, New Sarahland, CO 24421",2
61,William Baker,williamsmelvin@weaver.com,189.137.1894x90580,"9020 Dana Mount, Lake Sherryport, TX 84690",4
62,Jordan Henderson,mitchellhector@gmail.com,787.956.5442x0949,"USNS Burgess, FPO AP 17898",2
63,Whitney Peters,victoria67@yahoo.com,079-290-4904x712,"424 Annette Loop Apt. 343, West Jordan, KS 12613",7
64,Brittney Phillips,vegadorothy@hotmail.com,144.294.4401x92927,"8720 Moore Port Apt. 654, West Holly, OH 97904",5
65,Lauren Daniels,david86@anderson.com,(243)728-0512x927,"343 Green Crescent, South Donald, MD 49296",8
66,Amy Silva,inunez@yahoo.com,001-663-723-9504x10276,"1502 Alvarez Junction, East Robinport, NH 72168",6
67,Sarah Moore,johnreed@yahoo.com,478.366.7428x6047,"9799 Simon Mountains, West Jennifer, MA 63750",3
68,Angela Lopez,johnsondonna@miranda.com,(580)185-6945x4414,"38166 Finley Locks Apt. 282, Oliviahaven, OK 99047",6
69,Megan Young,wheelersean@warner.biz,+1-967-393-8525x8001,"14257 Martin Alley Apt. 324, Christopherbury, IL 57720",6
70,Steve Sanchez,amberwebster@gmail.com,6181753443,"85072 Garcia Plaza, Halefort, MS 61250",4
71,Lisa Barnes,jim95@harper.com,0910939111,"2526 Villanueva Viaduct, Carlsonside, MI 64504",5
72,Kelly Donovan,roberthill@fry.biz,+1-269-212-4471x746,"92355 Mason Alley, Melendezbury, NM 25138",2
73,Mike Allen,comptonshelly@hotmail.com,001-542-140-6650x442,"1562 Hernandez Inlet Suite 704, Whitefurt, NC 14451",10
74,Michael Evans,heather62@yahoo.com,173.962.7128x639,"1602 Anderson Parkways, Parkstown, SD 88344",3
75,Paul Jones,karenwells@gmail.com,+1-174-101-1947x0720,"6419 Shaw Tunnel, Josephside, DE 23941",9
76,Zachary Ferrell,lindamelendez@hotmail.com,6425690877,"Unit 8612 Box 0594, DPO AE 67989",4
77,Daniel Baker,igrant@yahoo.com,(618)306-7198x55460,"0740 Miranda Mount Suite 095, Ronaldport, AK 71640",3
78,Shirley Suarez,james17@davis-hardy.com,+1-158-517-4328x0634,"6075 Fields Ranch Apt. 508, Wrightland, CT 17023",8
79,Christopher Bass,nicholas99@russo.org,001-615-717-3203x093,"4579 Samantha Village Suite 015, Benjaminville, NY 95580",7
80,Lisa Archer,vclark@krueger-smith.com,618.478.7005x0506,"6024 Mary Meadows Apt. 394, Christinaside, WY 32450",5
81,Aimee Montoya,srocha@padilla.com,387-829-3102,"9736 Burgess Tunnel, West Walter, PA 52755",9
82,Matthew Mcmillan,powens@yahoo.com,079.032.0204x1792,"PSC 4406, Box 3062, APO AA 35504",4
83,Brian Rodriguez,michael77@gmail.com,001-111-799-3136,"33053 Cheryl Stream Suite 969, Amberfort, AL 45452",6
84,Denise Jacobs,robin55@yahoo.com,651-982-5309x25114,"2773 Emily Glens Suite 091, Hoffmanstad, IL 98544",1
85,Christina Walters,joycesmith@donovan.com,(625)827-3902,"Unit 5445 Box 7702, DPO AP 77169",4
86,John Whitehead,jerry93@pierce-harding.com,962-071-0021,"660 Hawkins Overpass Apt. 682, Lawsonville, MO 29114",1
87,Anna Henderson,plevy@hotmail.com,001-946-723-2487x632,"422 Pierce Knoll, South Rachel, MD 48103",6
88,Aaron Wise,yjackson@yahoo.com,+1-092-791-4560x833,"886 Michele Park Suite 472, South Keith, MA 61321",7
89,Deborah Figueroa,jenniferfreeman@mooney.com,819-588-3734,"9666 Dana River, East Chelsea, CO 79087",5
90,Jessica Smith,gutierrezmegan@jones.com,3127722005,"59329 Cohen Land Apt. 968, Port Robin, MN 95273",2
91,Stephen Mckee,nbrooks@estrada.info,364-597-0108x2207,"3524 Patricia Ford, Stevensmouth, WY 23684",4
92,Sandra Aguilar,patelrobert@moreno.net,113.799.5635x31531,"Unit 8195 Box 2371, DPO AE 98622",10
93,Cameron Parker,shawheidi@yahoo.com,636.317.9706,"761 Rosario Stravenue Apt. 980, Castilloton, MO 95547",6
94,Rebecca Valencia,hullalice@lee.com,(397)265-2735,"8761 Dustin Greens Apt. 256, Donaldbury, NJ 28037",4
95,Christine Wright,laura15@yahoo.com,352-090-4217x762,"177 Katherine Junctions Suite 757, Ashleyton, DC 19902",8
96,Richard Henson,veronicaperez@hotmail.com,001-534-929-2983x16873,"59544 Ashley Inlet, Marquezport, WA 91606",7
97,Marc Moore,davisnicholas@alvarez.com,001-774-063-3569,"4303 Hernandez Bridge Suite 588, Woodsburgh, SD 20932",8
98,Sharon Cherry,vnewman@hotmail.com,929.060.0780,"567 Monica Orchard Apt. 760, West Jeffreyborough, FL 36980",3
99,Sierra Johnson,hallrachel@clay.com,(867)177-3180x63254,"357 Hudson Route, Port Juliehaven, IN 97674",5
100,Evelyn Galvan,whitemelissa@gmail.com,107.427.9907,"1581 Tran Place, Port Brianshire, IA 32573",3
101,Sharon Cochran,karenmarquez@hickman-evans.org,262.570.1658x046,"337 Billy Rest, Andrealand, ID 96620",4
102,Richard Rodriguez,irhodes@reyes-singh.com,001-498-931-9508x50165,"84033 Brenda Prairie, Marshallside, WY 07196",9
103,Shannon Walker,davisjesse@gmail.com,905.528.1832x538,"71717 Cory Radial, New Tony, AL 76747",9
104,Julia Torres,unovak@gmail.com,793-355-4864,"739 Gay Glen, Guzmanfort, HI 43576",5
105,Crystal Johnson,whenry@hotmail.com,1557788178,"448 Matthew Springs Suite 712, Smithhaven, NM 21882",10
106,Garrett Lin,llopez@hotmail.com,+1-847-951-3711x62411,"417 Little Plain Apt. 313, West Warren, WI 70021",7
107,Diana May,bartonkenneth@gmail.com,(412)723-8046,"392 Moore Trafficway Suite 229, West Sue, SD 78518",10
108,William Herrera,adamsnorman@moore.com,+1-827-567-0431x03856,"47452 Cook Knoll Suite 746, Farmertown, MO 07750",7
109,Ashley Waller,sean41@miller.info,001-557-988-7749,"Unit 5274 Box 0334, DPO AA 49453",6
110,Victor Baker,johnsonmichael@gmail.com,(424)375-4025,"5883 Christina Mill Suite 113, West Jennifer, OR 62088",4
111,Jeffrey Chandler,asmith@yahoo.com,729-284-2222x3105,"USS Harrington, FPO AA 90652",3
112,Larry Dixon,ashleyjackson@jackson-adams.com,001-274-523-8055,"USCGC Wright, FPO AP 77324",9
113,Kenneth Scott,bryanhamilton@yahoo.com,(578)284-1067,"54857 Rodriguez Dale, West Tiffanychester, FL 20216",8
114,April Frost,xpatton@yahoo.com,001-275-208-8547x49297,"173 Armstrong Track, Angelaport, AK 18912",2
115,Michelle Harmon,mwheeler@rodriguez-torres.biz,170-281-4069x37515,"557 Jack Mountain, South Michael, TX 92783",1
116,Helen Jones,vbrock@yahoo.com,9398343018,"16667 Marie Circle, Allenchester, NY 43370",2
117,Erin Edwards,pochoa@hotmail.com,186.375.9980x562,"9511 Terri Tunnel Apt. 828, New Sandraborough, CA 90148",3
118,Michelle Evans,malik37@thompson-sanders.com,001-656-504-5547x813,"7251 Deborah Junction Suite 860, Andrewstown, MS 02974",3
119,Jason Powell,yfaulkner@gmail.com,001-767-426-6299x1234,"2439 Patel Shoal Apt. 959, East Kendra, ME 24301",7
120,Cameron Fisher,yramirez@yahoo.com,851.961.0646x2879,"85155 Dominique Flats, Frankview, IL 47076",10
121,Megan Orr,frederickjames@hotmail.com,001-232-648-7049x47873,"60736 Sean Locks Apt. 369, North Tanyahaven, OR 95465",2
122,Elizabeth Kelley,bentonsteven@clark.com,0244714627,"17955 Lee Course, Timothyhaven, NH 02617",7
123,Dustin Jordan,ttaylor@gmail.com,001-301-471-9597x964,"1554 Ryan Vista Suite 316, Smithview, SD 42872",7
124,Mary Marshall,jennifermccormick@gmail.com,+1-715-890-4290x2572,"90282 Heather Track, North Caitlynborough, WA 87133",10
125,Daniel Kennedy,iaguilar@hotmail.com,(204)565-0448x183,"62282 Michael Creek Apt. 073, Richardstad, KS 82016",8
126,Rebecca Jackson,gibbsmichael@hotmail.com,001-219-285-5445x18952,"0702 Williams Lane, East Craig, IN 12575",9
127,Jose Schultz,mackdiane@jackson-salazar.org,2845765213,"77687 Melody Valleys, West Thomasview, MD 86533",5
128,Robert Potter,tammy61@gmail.com,(833)898-8816,"7932 Zachary Valley, East Donna, CT 94514",9
129,Courtney Gonzalez,jeffrey88@watts.info,112.075.4527x985,"34245 Barnett Pike, Kathleenberg, NE 49622",1
130,David Alvarez,whitney71@perry-nixon.com,(401)322-3423,"603 Alexis Roads, Port Lauraburgh, MD 02036",2
131,Angel Perry,larry73@webb.info,(161)107-6031,"3967 Shawn Greens Suite 148, Matthewburgh, MA 64379",9
132,Cheyenne Horton,evanslisa@gmail.com,8907140140,"158 Brown Lakes Suite 082, East Theresaville, OH 93915",5
133,David Douglas Jr.,deborah23@thompson.info,001-119-393-2501x24955,"7681 Raymond Pass Apt. 230, Lake Julie, PA 20393",6
134,Patricia Rodriguez,lsoto@sandoval.com,(893)891-1908,"583 Nicholas Courts, Lake Cynthia, IN 98949",2
135,Christopher Rubio,tprice@gmail.com,342.801.3875,"40646 English Mountain Suite 240, West Jeanetteport, VA 80863",5
136,Amber Wright,karen19@lloyd.com,001-927-125-6638x361,"62272 Peter Estate, Myersborough, MI 09745",7
137,Joyce Solis,james14@hotmail.com,001-517-182-7548x01571,"61923 Thomas Harbor Suite 018, Alexandriafort, TN 57946",3
138,Victoria Larson,candice96@hotmail.com,(479)473-8646x3175,"972 Nicole Throughway, Nancyton, KS 15290",8
139,Stephanie Salazar,michael79@cervantes.com,(071)678-1126,"274 Alexandra Corners Suite 376, Brownville, WI 37227",1
140,Kathy Rivas,lawrenceallen@white.com,(912)153-5396x1367,"8564 Miller Courts Suite 397, New Ryan, CT 93369",5
141,Stephanie Manning,kcarlson@yahoo.com,994-657-9678x427,"860 Brittany Underpass Apt. 911, West Betty, PA 55791",9
142,David Wright,tommymedina@hotmail.com,147-732-0101,"7798 Shelby Via, Caldwelltown, OK 24190",3
143,Pamela Boyd,tracytaylor@wilkinson-harvey.com,026.952.4991x1877,"46074 Cardenas Key Suite 347, West Stephenview, WY 21550",9
144,Denise Jones,ytaylor@wagner.biz,477.848.5880,"652 Gates Isle Suite 983, Mariaville, VA 12354",2
145,Devon Flores,kjackson@gmail.com,001-061-675-6770x02842,"726 Joseph Station Suite 557, Kariburgh, AK 15112",5
146,Brenda Hall,antonio38@jackson-ellis.info,624.671.9788x9778,"848 Raymond Square Apt. 311, Phelpsberg, MA 70339",9
147,Michelle Brown,adamsamy@weaver-sherman.info,(806)479-6954,"1499 Mario Fork, Mckenziebury, FL 87994",10
148,Joshua Perry,pgarcia@evans.info,009-025-5905x61655,"Unit 0733 Box 3373, DPO AE 02128",4
149,Jason Stein,michelle17@gmail.com,(503)334-9114x15208,"776 Robert Vista, Burtonfurt, KS 93135",3
150,Melissa Gates,lisamatthews@callahan-bishop.biz,076-986-4079x05696,"6553 Fernandez Club Apt. 538, North Tina, NY 93346",6
151,Jamie Smith,kristenli@hudson.com,917-135-7852x94563,"93583 Adams Villages Apt. 797, Garzaland, AK 73895",3
152,Paul Castaneda,tiffany44@adams.com,183.440.4963x9191,"7215 Stephanie Harbor, Staceytown, PA 64832",9
153,Jennifer Adkins,rsellers@martinez.com,001-541-987-6351,"3748 Rivera Port, Thomasside, OR 41717",9
154,Lindsey Walker,kburns@adams.com,+1-484-685-3664x9878,"591 Christina Pines, Crossborough, PA 24007",1
155,Jeffrey Johnson,heather57@yahoo.com,(082)973-7489,"715 Clinton Lodge, Ballardfurt, NJ 18655",10
156,Michael Powell,meltonmelanie@gmail.com,001-690-835-7232x46651,"45264 Davis Green, Gonzalezstad, SC 11192",6
157,John Anderson,melissa86@gmail.com,+1-364-424-9363x1230,"409 Tina Circle, Codytown, AL 01111",8
158,Alyssa Long,troymorris@yahoo.com,477.866.0324,"99512 Dana Parks Apt. 835, Port Feliciaberg, MN 75734",1
159,Alyssa Day,ashleewashington@yahoo.com,(044)820-7001,"282 Johnson Camp Apt. 441, Feliciashire, GA 13571",2
160,Joel Williams,garciakristen@smith-noble.com,941-651-6231x98189,"578 Bowers Crescent, West Johnberg, NM 25187",6
161,Daniel Murphy,bsmith@gmail.com,001-847-139-1559x63632,"0791 Elizabeth Islands, Shermanborough, MD 18258",5
162,Jamie Walton,erik41@ward.com,234-764-9078,"6666 Tracy Overpass, West Annafurt, NM 38144",4
163,Darlene Miller,ugarrett@fischer.com,(158)673-4257x540,"031 Mcclain Summit, Lake Lee, ND 04166",1
164,Joshua Cooke,thomasanderson@stone.com,+1-900-348-6451x8376,"3580 Rodgers Pine Apt. 850, North Stephen, IN 93878",4
165,Matthew Harrington,lisa62@jones-reyes.com,6441343275,"3990 Sandra Ford, West Adambury, MA 23708",10
166,Nicole Herring,michael42@ayala-mullins.com,001-604-177-6561x24815,"Unit 3560 Box 2293, DPO AP 88126",2
167,Alex Hernandez,morenoalan@martin.com,(985)700-2720x63459,"943 Ortiz Branch Suite 664, Port Kimberly, PA 01868",2
168,Michael Elliott,fheath@gmail.com,123-829-6577,"72311 Erik Turnpike Suite 128, Garyview, VT 91598",8
169,Michael Wang,lawrencepatrick@edwards-taylor.com,001-242-954-3165x2669,"9411 Carson Flats Apt. 873, New Wendy, NJ 14832",2
170,Lawrence Adkins,angelagreene@mitchell.com,008.931.7342,"2113 Gilbert Mill, South Carla, TN 66511",9
171,Robert Oconnell,juliephillips@bowers.info,6969421529,"50902 Villarreal Glen, West Steven, SD 07897",3
172,Alexander Collins,allendanielle@gmail.com,086-771-3334,"8132 Matthew Stravenue, Johnsonmouth, IA 79361",3
173,Tina Sanders,sarah26@fisher.info,762-639-3436x2620,"85011 Holmes Brook, Lake Sarah, AZ 19308",8
174,Angela Vaughn,matthewsalexander@williams.biz,439-735-9710x7256,"PSC 3060, Box 9069, APO AE 29929",9
175,Ashley Barton,zhenderson@gmail.com,+1-366-941-1800x53759,"810 Pineda Rue, Campbellfurt, WA 31652",3
176,Lindsay Martinez,christopher18@mccann.net,+1-900-489-6465x28092,"7727 Walker Heights Apt. 642, Jodychester, ME 19373",5
177,Dr. Hannah Patterson,wwillis@hotmail.com,287-572-1586x241,"836 Mary Knoll Apt. 666, Quinnmouth, NH 48153",9
178,Jonathan Peterson,holly30@miller.com,027-456-4494x85625,"83333 Stacy Stream Suite 786, Dawnborough, FL 62135",10
179,Samantha Garcia,parkerjudith@hotmail.com,001-728-703-2032x0742,"9603 Matthew Estate Suite 862, Johnsonborough, OK 87925",7
180,Madison Poole,smithderrick@martin.net,001-761-707-5877x712,"693 Robert Mountain, Port Joanna, NM 41947",4
181,Jessica Gross,nathanbrady@yahoo.com,513-422-8499,"111 Alan Wall, West Melissamouth, MI 27109",9
182,Debra Morton,rogersruben@brown.com,908.926.1371,"1595 Alvarez Squares, West Kevin, OH 21447",4
183,Karen Graham,ddixon@yahoo.com,041-659-1520x17774,"PSC 2261, Box 8962, APO AP 72894",5
184,Debra Christian,eric19@sharp.com,+1-050-975-9230x450,"312 Davis Canyon Apt. 676, Jacksontown, UT 47999",7
185,Angelica Keith,brandoncox@white.net,001-189-616-4236x1032,"USNS West, FPO AE 64957",6
186,John Bishop,marcbutler@hotmail.com,(642)147-6492x5158,"USNV Blackwell, FPO AE 48993",8
187,Allen Rosales,margaret95@gmail.com,776.749.9616,"462 Victoria Turnpike, Lake Malik, WY 11389",9
188,Daniel Salinas,jeffreyblack@finley.info,(926)610-8573x278,"99625 Lee Harbors Apt. 752, Lake Johnport, NV 57248",8
189,Spencer Haynes,mark87@gmail.com,+1-814-761-7422x4386,"715 David Road Apt. 904, Gonzalezfort, MS 05217",2
190,Adam Vaughan,kellymueller@hotmail.com,908-108-1866x1794,"655 Russell Junctions Apt. 548, South Juan, NV 88556",4
191,Nathan Freeman,frichardson@oconnor.com,(491)801-7226x016,"102 John Fall Suite 129, Port Christopher, AL 95280",4
192,Melissa Brewer,randolphandrew@reed.com,001-459-779-4523x219,"129 Welch Isle Apt. 910, East Samantha, HI 12520",2
193,Ricky Davis II,usweeney@garcia-moreno.com,168-006-1027x769,"63301 Flores Pines, South Lisa, NM 79859",6
194,Elizabeth Perkins,jwoodward@hotmail.com,001-749-956-4122x0310,"9072 Christopher Flat Suite 289, Lake David, CA 25168",1
195,Joseph Coleman,williamsjesse@hotmail.com,001-303-723-6831x472,"26949 Hunter Heights Apt. 645, New Adrian, TX 33487",10
196,Erin Warner,stephen19@gmail.com,601.227.7707x9334,"01750 Miller Track, Smithland, OR 47880",9
197,David Martinez,kjones@graham.com,001-605-016-6799,"457 Harmon Neck, Victorfort, ND 98145",4
198,Bryan Herrera,melissa65@yahoo.com,001-840-767-8997x3080,"56775 Ford Mountain, Hernandezfurt, AK 18776",10
199,Cathy Robinson,jesus32@hotmail.com,(958)146-7179x57602,"265 Ryan Viaduct Apt. 292, North Allen, FL 36007",4
200,Dr. William Warren,danielcole@russell-herrera.com,375-738-3959x7246,"6248 Perez Oval, Reynoldsburgh, TN 08333",1
201,Brian Lee,steven11@gmail.com,(572)934-1722x32971,"57942 April Park, South Tracy, SC 21289",2
202,Christopher Smith,lewismelissa@gmail.com,(743)380-0545x22801,"969 Carol Pines Suite 552, Annettefort, AK 59100",1
203,Denise Mccann,tanyafoster@byrd.com,619-318-3745x50842,"53574 Ray Isle, East Tammy, SC 75510",4
204,Melissa Martinez,jbond@pierce.com,001-891-077-1199x180,"Unit 3993 Box 3797, DPO AE 41586",2
205,Katherine Salas,brownkimberly@anderson.com,121.352.4787x12552,"2951 Ford Stream, Carlfurt, ID 36704",1
206,Julie Alexander,samantha10@gonzalez.info,376-037-5482,"73305 Summers Orchard Apt. 457, Cassandraside, SD 25168",6
207,Anthony Everett,steinmaria@martinez-dunlap.com,456-532-8632,"USS Phillips, FPO AE 96903",2
208,Rodney Morales,zunderwood@johnson-vega.com,(667)850-7208x11556,"66044 Douglas Burg Apt. 615, Parsonsberg, SC 50573",9
209,Mark Brown,rebekahhill@yahoo.com,001-260-602-9084x66845,"1474 Jasmine Motorway Suite 292, Stephanieville, MD 72928",4
210,Justin Torres,mendezchristina@phillips.com,(048)926-7389x975,"6806 Foster Islands, Lake Justinshire, OK 05662",5
211,Bailey Duran DDS,patrick63@wilkerson.net,+1-634-108-5628x8431,"271 Donald Cove, Lake Jimmy, MN 47304",8
212,Courtney Mills,wcasey@stephens-washington.org,848.520.0894x34681,"1768 Alicia Row Suite 281, South Erik, KS 30306",4
213,Jeremy Dalton,bnelson@yahoo.com,001-054-851-0174x9075,"37003 Stephanie Ways, New Luis, WV 83643",9
214,Elizabeth Oliver DDS,huangkimberly@stokes.net,998.935.4492,"470 Pierce Canyon, New Barry, OR 64918",3
215,Theresa Clark,terrigarcia@hotmail.com,001-683-158-9357x126,"582 Lewis Plain, Lake Julieport, OH 49561",10
216,Matthew Moore,amanda03@bradford.com,(110)627-3715x86988,"94535 Long Run, Shannonmouth, SD 88561",10
217,Benjamin Smith,brittanydrake@howard.com,001-649-767-7622x82772,"21061 James Port Suite 394, Stevenbury, KS 28918",8
218,Kirk Carter,marycochran@weaver-thompson.com,001-881-377-0285x196,"32537 Cortez Mount Suite 927, Hoffmanport, TN 33074",4
219,Michael Warner,halljeffery@woods.com,159-408-2154,"09004 Kevin Light, North Brian, SD 25507",8
220,Michael Bradshaw,samantharichard@yahoo.com,(447)022-9604x432,"Unit 5146 Box 0401, DPO AA 19092",7
221,Lori Guerrero,hernandezjanet@schroeder.com,001-701-851-0679x4975,"07201 Jenny Motorway, Josephshire, CA 96371",4
222,Jessica Stephens,janet69@rogers.com,(792)287-7725x1996,"66007 Rivas Loop, North Barbara, TN 08759",2
223,Susan Serrano,fconner@stewart.org,(365)807-4120x9481,"USNV Mckinney, FPO AP 63306",2
224,Christopher Parker,elizabetholsen@yahoo.com,+1-813-989-0983x7801,"43370 Morgan Village Suite 873, West Michaelstad, NJ 71881",7
225,Laura Roberts,david09@yahoo.com,+1-820-433-9718x95690,"882 Moss Key Suite 296, Taylorstad, LA 19851",6
226,Michael Lyons,carriemccall@walker.com,056.260.8564x1118,"865 Miller Glen Apt. 557, Molinaburgh, AZ 45518",7
227,Kathryn Snyder,youngtoni@gmail.com,(422)412-4620,"582 Tiffany Turnpike, Port Heather, MT 15165",7
228,Andrew Reynolds,sean43@steele.com,+1-520-046-1526x546,"Unit 8081 Box 9048, DPO AP 22088",8
229,David Davis,williamssamuel@costa-wilkerson.info,033-993-7886,"1558 Mills Viaduct Suite 395, Wattsville, SC 84898",1
230,Sara Johnston,amy17@hotmail.com,405-786-1706,"081 Thomas Cliffs, Johnfurt, IL 71537",2
231,Yvonne Chambers,shannonlloyd@phillips.com,+1-304-891-3824x9671,"00413 Maria Springs, North Jonville, MI 87216",1
232,Andrew Avila,petersonpamela@dennis.com,+1-832-582-3868x7007,"6534 Harvey Neck Apt. 707, Michaelview, NJ 50800",7
233,Matthew Moon,bbush@hotmail.com,+1-420-074-9465x398,"9957 Norman Oval, South Johnnyland, IA 95433",6
234,Kevin Walters,gmoore@harris-lee.net,028-914-1612x8463,"6539 Johnson Inlet, Robinsonchester, AL 90131",2
235,Brandon Bailey MD,kenneth10@yahoo.com,+1-855-474-3553x795,"718 Steven Square, Solisside, VA 06886",4
236,Shannon Rivera,briansmith@gmail.com,2097002687,"872 Carter Estates, West Carolynchester, TX 20790",4
237,Donna Landry,bgonzalez@gmail.com,001-681-180-7156x95620,"Unit 1377 Box 3062, DPO AA 06251",4
238,Krista Gibson,tiffany71@glover-ruiz.com,753-703-0453,"9737 Craig Dam, Lake Tiffany, OK 03604",9
239,Frank Cordova,ylopez@lopez-williams.info,943-375-0479,"608 Reid Coves Suite 704, Grantchester, CA 11936",8
240,Jose Travis,jeremy49@gmail.com,036.149.8728,"6832 Andrew Corners Apt. 378, Angelafort, WY 86518",3
241,Kimberly Gutierrez,millermaurice@gutierrez.com,999.219.2124,"80332 Anderson Squares Suite 050, North Aliciaview, NC 01661",7
242,Isaiah Avila,rsheppard@yahoo.com,001-384-308-9487,"3733 Mendoza Forest, East Paulside, CA 19652",3
243,Olivia Harris,zevans@johnson.org,6056641877,"78192 Courtney Loop, Sharonview, AR 99115",5
244,Tanya Kim,averyshane@stanton.com,(803)046-8750x635,"0356 Obrien Way Apt. 279, Lucasburgh, PA 68823",8
245,Barbara Dudley,rmiller@harris-carson.com,903-613-3254,"9061 Janet Trail, Port Darlene, KY 52047",4
246,Cynthia Moore,renee11@yahoo.com,107-609-5431,"8954 Dixon Lights Apt. 751, Hesterside, RI 83255",2
247,Kristen Davis,melissa87@gmail.com,350.583.1997x1791,"4983 Mcintosh Islands Apt. 935, Jamesmouth, TX 54442",8
248,Susan Murray MD,perryeddie@hotmail.com,006-512-0704,"392 Lee Spur Suite 885, Port Steven, HI 15864",9
249,Kathleen Moran,hartcraig@dillon-beard.biz,+1-611-080-4661x963,"339 White Rue Suite 536, Loveshire, ND 45248",2
250,Denise Davenport,kpena@hotmail.com,+1-907-676-9915x078,"1686 Carl Valleys, Sarahmouth, OR 36819",1
251,Mrs. Kristen Reyes,jacksonrichard@hotmail.com,931-109-1939x28456,"40679 Thomas Loaf Suite 122, West Kathleenton, CA 36854",9
252,Katie Suarez,fosternatasha@hotmail.com,972.320.0249x6854,"16309 Alejandro Junction Suite 463, East Christine, WV 35462",1
253,Desiree Tyler,reesesamantha@smith-roth.com,001-822-749-5450,"PSC 5320, Box 8953, APO AE 50737",2
254,Timothy Romero,megan13@gmail.com,920.388.0653x33153,"19947 Cody Vista, Walkermouth, GA 23247",4
255,Diane Evans,uschroeder@yahoo.com,+1-779-599-5946x52170,"PSC 4103, Box 4699, APO AA 58980",3
256,Yvonne Burns,lopezjason@yahoo.com,303.379.3375x6362,"67726 Johnson Track, Jamiefort, WY 69174",7
257,Joshua Reed,lori82@gmail.com,5015081247,"8967 Nathan Squares, New Maryfurt, WY 53454",8
258,Kimberly Gibson,htaylor@hotmail.com,950.033.4234,"6434 Nicolas Wells Suite 093, South Jennifertown, OK 45744",8
259,Colin Terry,jameswhitaker@wright.com,001-258-323-0241x0261,"6761 Scott Forks, Michaelview, GA 22592",4
260,Cynthia Rowe,joshuacolon@hotmail.com,347-355-2896x11223,"65031 Christopher Square, West Christianview, FL 38925",7
261,Patrick Thornton,maldonadojohn@yahoo.com,865.596.3099,"2364 Abigail Fort Apt. 909, West Amy, GA 31466",1
262,Jasmin Alvarado,susanwells@hotmail.com,842.530.4289,"111 Roth Fall, Port Stevenstad, HI 20518",3
263,Veronica Simpson,frank41@yahoo.com,317.912.8685x7872,"05248 Vincent Centers, Taylorton, FL 17840",7
264,Jonathan Lawrence,kwilliams@vincent.com,587-774-9690x33373,"473 Thompson Creek Apt. 290, South Derekport, NC 64720",1
265,Shelly Alexander,denise80@smith.org,(346)692-5481x2147,"868 Hayden Pike Suite 996, Alexandrachester, NY 66001",7
266,Joyce Bowen,johnnytrujillo@marquez-fletcher.com,539.078.9567x76657,"19541 Reyes Hills, Andrewfort, WV 02603",5
267,Matthew Moore,dyork@yahoo.com,460-273-4151x48881,"9246 Douglas Forks, Kingfurt, VT 61476",8
268,Wayne Morgan,hturner@sanders.com,311-150-8353x544,"2603 Penny Courts, Nathanielstad, MS 86147",5
269,Marie Christian,gabrielle71@yahoo.com,001-439-284-0445x6690,"458 Williams Ways, Jonesmouth, ME 66917",7
270,Shannon James,michelle44@gmail.com,826.333.7389x8775,"84008 Crystal Landing, South Richardmouth, RI 43301",9
271,Nathan Malone,racheltrujillo@powell.com,536-637-7805,"917 Hamilton Passage, Lake Kimberlyshire, CA 20598",8
272,Amanda Jones,jordan66@yahoo.com,(924)075-5366,"USCGC Rivera, FPO AP 58154",3
273,Tammie Bright,matthewreeves@nichols.com,+1-684-590-9022x59999,"23196 Foster Canyon Apt. 402, South Ashley, FL 56457",4
274,Jessica Garcia,marywalter@gmail.com,(636)186-3715x9741,"01204 Buchanan Forges Suite 271, Lake Stevemouth, VA 49275",5
275,Shelia Wallace,ruizjoyce@hotmail.com,(182)097-0231,"885 Rose Shores Suite 933, South Timothymouth, ME 65889",4
276,Stephanie Williams,destiny35@garner.biz,(433)481-7058x0256,"Unit 6094 Box 4128, DPO AE 29199",1
277,Elaine Brooks,jorge47@gmail.com,(212)867-1632x3467,"2188 Gutierrez Locks, Knightport, IA 21793",10
278,Joseph Knight,delacruzbrandy@hotmail.com,(994)938-7430,"0666 Robert Burgs, Sharonville, IA 64270",9
279,Carolyn Miller,gpreston@dillon.net,(716)938-5977,"9366 Justin Ridge Apt. 529, Brittneyland, CO 11289",1
280,Lisa Allen,jbrown@gmail.com,901.475.4692x632,"86712 Aaron Fall, East Kellystad, TX 92249",6
281,Briana Murray,robert97@stewart.com,+1-676-291-6032x484,"24510 Vanessa Ridges, Port Sandraburgh, MO 64773",1
282,David Smith,lcook@walters-smith.com,+1-137-681-5118x56724,"819 Taylor Mountain Suite 281, Obrienport, MO 44889",1
283,Stephanie Byrd,barbaramoore@anderson.biz,807.017.6563,"5844 Butler Freeway Suite 533, Hernandezberg, CO 08201",10
284,Jeremy Reed,ysanford@gmail.com,(004)125-7771x1837,"17221 Townsend Spurs, Bethfort, MT 16572",8
285,Margaret Coleman,jessicadodson@sherman-schmidt.com,(742)209-1241,"USNV Pineda, FPO AE 62527",9
286,Ryan Gonzalez,jeremywiley@anderson-reyes.org,+1-621-042-7523,"63510 Maureen Unions Suite 627, Barrettfurt, VT 42913",9
287,John Young,cameronwilliams@yahoo.com,001-083-708-1647x090,"659 Adrian Tunnel Apt. 461, Hutchinsonmouth, AZ 18895",3
288,Laura Haney,ryan25@yahoo.com,6335331060,"3260 Crystal Station Suite 955, North Timothyhaven, IL 19874",1
289,William Barrett,frederickmeadows@yahoo.com,5313122068,"689 Ryan Street Apt. 798, Ambermouth, LA 44096",9
290,Keith Jennings,jeffreymercer@gross.net,558-393-8661,"6799 Sandra Village, South Joseph, SD 05574",2
291,Amber Obrien,richardsondebra@brooks.com,315.520.6506,"4083 Jeffrey View Suite 360, Williamsland, KY 70658",3
292,Tanner Mitchell DDS,stanleydesiree@williams.biz,731.495.0136,"84907 Amanda Plaza Suite 136, Gregoryborough, TX 56796",2
293,Heather Fields,qmartinez@yahoo.com,971-892-4195x6252,"0124 Diane Skyway, Robertchester, VA 21984",10
294,Megan Le,heathermccoy@fisher-garcia.net,+1-571-509-9768x3890,"8811 Morgan Walk Apt. 314, North Kathy, DE 66097",2
295,Sara Fuller,robertroach@hotmail.com,091.436.3910,"179 Floyd Knolls Apt. 526, New Sierra, AK 81810",4
296,Maria Parker,daniel17@lynch.net,(574)326-3039,"22528 Timothy Throughway, Anthonyfurt, WV 57176",7
297,Kevin Oconnor,jade42@kelley.info,524.508.6403x553,"23979 Theresa Summit Apt. 787, Morrisstad, AZ 05269",2
298,Edward Burgess,aaronpowers@gmail.com,803.396.8527,"505 Perry Villages, West Michelleland, CT 78442",10
299,Carlos Ryan,stacychan@gmail.com,+1-017-130-2321x2983,"277 Wilson Valleys, Port Marymouth, ME 70897",4
300,Kiara Mcintyre,dawn74@marshall-garcia.com,816.742.3362,"10424 Kidd Harbors Suite 618, Charlesport, ME 53830",10
301,Dawn Summers,michael56@wilson.com,+1-344-973-4715x662,"2128 Michael Court Suite 551, New Jason, CO 30846",10
302,Dr. Paul Morgan,markkline@adams.com,768.962.7066x1498,"818 Escobar Shoals Suite 160, Samanthachester, TN 44182",1
303,Victor Taylor,moralessuzanne@houston-vaughn.info,(824)674-7468,"11901 Williams Valleys, Richardville, GA 77945",10
304,Shannon Ramsey,danielhorton@gmail.com,+1-715-273-2300x857,"USNS Miller, FPO AE 24766",2
305,Tracy Ballard,perrybrittany@gregory.com,(665)674-9160x1692,"073 Gary View, South Adam, KY 76089",7
306,Richard Smith,timothyfreeman@alexander-brown.com,645.875.0663,"8306 Christina Loaf, Port Allison, DC 53522",10
307,Jordan Chambers,tiffanysantiago@stone-watts.org,705.024.9724,"Unit 6944 Box 3916, DPO AA 85479",10
308,Lauren Carson,pstanley@reed-rhodes.biz,992.011.6691,"69342 Lisa Prairie, Lake Johnton, IA 98133",9
309,Ashley Hall,smithsarah@allison.com,362.644.8869x46119,"623 Chung Ports, Lake Jasonville, UT 02304",6
310,Stephen Hoffman,john40@hotmail.com,001-524-364-0270x11686,"72215 Rowland Lane Suite 732, South Michael, TN 87310",5
311,Connie Brown,ppowell@stevens.info,+1-462-252-2372x8179,"6040 Ford Circle Apt. 784, South Daniel, FL 37652",4
312,Susan Turner,hwest@mcgee-smith.biz,230.234.6791,"78197 Turner Fork Suite 347, Nelsonfort, NV 17997",6
313,Charles Shah,hawkinsaaron@gmail.com,+1-214-161-4150x9377,"763 Daniel Stravenue, Alexaville, TN 68197",4
314,Johnathan Davis,diamondbryant@yahoo.com,+1-100-409-0138x06984,"19134 Pacheco Throughway Apt. 780, North Mark, WI 73098",5
315,Brandy Chavez,velasquezmegan@yahoo.com,759.655.5535x6690,"73214 King Unions Suite 936, Codyfort, ID 32598",7
316,Natalie Bautista,jennifer11@hotmail.com,(510)762-0918x435,"7385 Perez Points Apt. 119, East Robert, IL 61722",3
317,Patrick Moore,petersonmaria@kelley-brooks.com,978.630.5050x573,"87233 Nathan Camp, Alexandershire, DE 37255",5
318,Brett Burns,travisunderwood@griffith.com,+1-769-156-7164x932,"15391 Linda Turnpike Apt. 074, Lake Katherine, AL 64667",8
319,Trevor Johnson,ylewis@love.biz,980.271.4872x71783,"5118 Sandy Harbors, South Heatherstad, NV 73414",6
320,Jeremy Sampson,bartonshannon@lawrence.com,321.160.2564,"190 Lee View, East Joan, HI 26172",2
321,Ariana Jennings,eroberson@norman.com,471.287.1539,"47073 Anthony Stream, West Courtney, WV 39769",1
322,Vanessa Howard,hughescaroline@gordon-cruz.org,001-915-668-6334x14111,"12760 Nicholas Place Apt. 611, East Charles, CT 57467",8
323,Colton Martinez,raymond54@ballard-taylor.org,931-952-5690x40983,"8889 Mercado Estate, South Roger, WY 58837",10
324,Jordan Bates,jennifer83@gmail.com,(655)289-9316x0875,"303 Phillips Trail Suite 191, North Jerry, ND 15333",10
325,Linda Smith,glenda22@daniels.com,(437)729-4209,"920 Amber Fort Apt. 308, East Amberland, NC 70960",2
326,Dana Martinez,icraig@yahoo.com,481-497-3746x05233,"8220 Henry Villages Apt. 231, New Scott, VA 83581",2
327,Andrea Hubbard,millsanthony@gmail.com,001-027-642-0865x675,"2450 Kathy Tunnel Apt. 001, Frederickshire, CO 90672",9
328,Daniel Kane,gonzalezkaren@terrell.com,001-661-844-3861x25904,"8509 Jennifer Knoll, Nicholasville, NY 85122",4
329,Charles Lester,vaughnkenneth@johnson.net,292.774.2333x059,"2182 Mitchell Pike Apt. 224, West Nicolaston, NE 61752",9
330,Scott Thomas,yyoung@roberts.biz,266-201-5720,"43655 Michael Path, Alyssafurt, OK 16615",5
331,David Thompson,tammy00@hotmail.com,859-626-3013,"8355 Michael View, Port Barbara, AZ 72923",3
332,Allison Smith,christinenorman@yahoo.com,(749)261-7647x5011,"63369 Montgomery Turnpike Apt. 982, North Bruce, AR 16545",6
333,Cynthia Morris,kari89@parsons.com,178-309-9974,"188 Jose Street Suite 287, Gilmorebury, ID 50057",2
334,Anthony Harmon,tonyajones@gmail.com,001-192-676-4921x518,"164 Eric Circles, Lake Ricardo, LA 95657",4
335,Nichole Alvarez,rwilliams@baker.com,(606)888-7189,"4203 Avila Curve Suite 863, West Susanview, NH 05845",6
336,Kayla Rodriguez,jmckinney@gmail.com,+1-131-292-0875,"625 Todd Way Apt. 263, Matthewburgh, ID 96084",5
337,Theresa Williams,candice94@tyler-pierce.com,029-321-8401,"6464 Palmer Via, Port Jeremiahville, IA 73388",3
338,Sharon Boyd,susanmeyer@hotmail.com,845-826-0340,"5279 Emily Junctions, West Gloriaton, LA 31803",8
339,Victor Brown,zdaniels@bailey.com,487.297.5859x88310,"53849 Stephenson Crossing, Chandlerberg, CT 12305",9
340,James Parks,kelly98@yahoo.com,032.432.9839,"718 Catherine Flat Apt. 913, Robinsonfurt, MD 30086",5
341,Theodore Jones Jr.,caldwellsean@austin.com,(429)618-4462x671,"11987 Esparza Court Suite 868, North Rhondaborough, AK 04354",10
342,Ana Hill,cruzamber@yahoo.com,628-314-3598x926,"1829 John Lane Suite 774, Mackenzieville, MT 00903",9
343,Kimberly Nguyen,willie87@williams-villanueva.com,(566)093-1418,"5952 Charles Rapids, Port Davidhaven, WI 75871",1
344,Kerry Chavez DDS,vaughangary@hotmail.com,861-515-5423,"36875 Brenda Throughway Suite 322, New Carolyn, CA 31976",9
345,Michael Farrell,clarkcrystal@hancock.com,016-361-1284x971,"6114 Heather Walks Suite 288, Shepardton, MN 83139",5
346,Patricia Le,elucas@parks.com,594.849.1025x62588,"76660 Darren Crossroad Suite 003, New Nicolestad, MO 80117",2
347,Jesse Perez,brownlaura@jones.biz,+1-679-240-8222x694,"2715 Cory Extensions, West Priscilla, AR 56834",3
348,Jesse Perry,bmccoy@yahoo.com,5396727578,"9177 Hines Row, New Jason, KS 38564",5
349,Jeffery Ortega,inunez@may.com,468-341-4651x1131,"34808 Deleon Junctions, Johnside, NC 18391",2
350,Christian Leblanc,howardwesley@buchanan-turner.com,(901)487-0682,"59101 Hayes Square, New Lynnhaven, OK 76633",2
351,Ronald Davis,qjames@gmail.com,788.160.9306x8538,"9207 Aguilar Expressway Suite 999, Wangshire, MS 86585",9
352,Parker Cain,amandataylor@yahoo.com,+1-909-728-3215x28506,"84285 Walsh Port Apt. 259, West Andrewhaven, ME 75144",3
353,Laurie Hoffman,kennetheaton@hotmail.com,625.153.8144x7443,"31234 Kimberly Meadows, Elliottton, RI 92209",5
354,Bryan Gomez,spencerangela@gmail.com,9634807970,"61760 Thompson Forge Suite 838, West Elizabeth, MN 85722",5
355,Nicole Parrish,armstrongphillip@arroyo.com,(097)545-1052x650,"804 Phyllis Lodge, East Rachelshire, NE 45241",10
356,Tracy Burke,gwhitehead@martin.org,673-188-2617,"9582 Guerrero Course, Berrystad, SC 10043",4
357,Kenneth Lewis,dannylambert@hotmail.com,2437654562,"PSC 3087, Box 6123, APO AP 41617",6
358,Courtney Rodriguez,enewman@powers-king.com,+1-417-722-5605,"3468 John Underpass, Melissaview, AZ 04361",4
359,Holly Farmer,michael31@yahoo.com,001-313-402-6650x237,"3008 Burke Loaf, North Darrylfurt, ID 10338",5
360,Renee Bruce,louishayes@hopkins.org,+1-416-787-2568x62110,"500 Nicholas Centers, Christopherland, WA 42626",9
361,Sabrina Austin,susan20@yahoo.com,(258)030-5690,"83976 Brent Land Apt. 440, Alexanderport, GA 08127",8
362,Allison Hickman,jenniferdavidson@larsen-taylor.com,(744)716-3928x23414,"66292 Smith Union Apt. 776, East Arianaland, WI 35044",5
363,Debra White,xgriffin@yahoo.com,001-363-718-9239x231,"33373 Sharon Island Suite 235, Rodriguezside, NH 01895",1
364,Ellen Morgan,thompsoncatherine@yahoo.com,(604)326-0931,"119 Aaron Creek, Port Robert, NY 88271",2
365,Sergio Knight,josemercado@luna.net,6684335670,"8956 James Mission Apt. 844, Brittanyburgh, OR 42840",7
366,Charles Schultz,nhammond@arnold.net,604.145.4563x50200,"8016 Mitchell Center Apt. 734, South Thomasville, NH 97614",5
367,Paul Lewis,michaelwalker@hotmail.com,5347491624,"10217 Curtis Fields, Aprilchester, OK 72082",1
368,Glen Wood,stevendixon@yahoo.com,554.110.8255x5989,"973 Delacruz Fort Apt. 182, Rickymouth, OK 98840",1
369,Paula Bradley,batesmelanie@hotmail.com,(343)961-1291x093,"9866 Shawn Squares, South Michellefort, MO 68432",6
370,Anthony Moore,seanwhite@hopkins.info,711.895.4738,"50682 Donna Extension, East Crystal, TX 21369",3
371,Megan Nelson,robinsontony@gmail.com,001-202-368-4855x7161,"505 Giles Spur Suite 692, New Deniseburgh, OK 18686",5
372,Karla Ramos,jim38@yahoo.com,688.029.4240x9036,"9089 Young Road Suite 802, North Melissa, AZ 79821",3
373,Paul Wilson,chardin@gmail.com,881.278.6866x9432,"869 Romero Highway, West Nicole, WA 80419",8
374,Douglas Gregory,padillaadrienne@yahoo.com,2939087884,"145 Garrett Parkways, Riverston, SD 58356",9
375,Mr. Andrew Foster,nicholasgray@hotmail.com,344-812-3083x4024,"86767 Amber Shoals, North Sarah, KY 50367",7
376,Aimee Turner,nicholas38@gomez-parrish.info,(403)381-0595,"779 Cruz Drive, Wagnerberg, DC 42459",9
377,Chad Scott,shawdon@gmail.com,184-269-4500x53424,"0858 Raymond Ferry, West Brett, AK 87476",1
378,Adam Burgess,robertsonjuan@lopez.org,8916498373,"PSC 5669, Box 5790, APO AE 88713",2
379,James Padilla,robertrivera@olson.info,439-627-3652x71727,"255 King Pine Suite 796, East Michael, RI 39057",2
380,Sandra Drake,deborahjenkins@williams.org,(239)724-0422,"289 Clarke Village, Port Shelia, OK 14014",3
381,Scott Williams,crystalwilliams@thomas.net,(931)216-3761x8209,"1528 Bowen Orchard, West Paul, GA 53408",9
382,Thomas Atkins,johnsjessica@yahoo.com,660-100-2314,"USNS Oneill, FPO AE 45501",1
383,Laura Mckinney,shanehaney@jackson-greer.org,(900)185-1327,"38186 Diaz Rue Suite 846, Alexismouth, NM 89643",6
384,Brian Smith,cindydixon@ramsey.info,001-972-457-2308x48100,"03491 Sara Creek Suite 972, East Adriennemouth, IA 35776",10
385,Robert Montgomery,nicholasanderson@harris.biz,841-862-0303,"3641 Carter Coves, Mariaborough, IL 96043",9
386,Tamara Davis,thompsonrachel@williams.com,(625)436-1721x31451,"7813 West Island, North Susanview, FL 91874",3
387,Dana Chapman,mhopkins@carey.biz,+1-515-109-2268x592,"1052 Reyes Pines, Lake Brittanyfort, AR 79808",7
388,Jennifer Collins,nancy86@gmail.com,+1-624-945-1475x41022,"0452 Megan Pine, Richardberg, OH 56619",3
389,Gary Jackson,zbell@hotmail.com,267-711-9642x15226,"867 Ramirez Wall Apt. 275, Tonyaview, SC 45004",1
390,Ashley Hicks,eanderson@kent.com,(576)769-5236x687,"5942 Kevin Ridges Apt. 165, East Sarahtown, AZ 06120",5
391,Hannah Luna,jacob09@hotmail.com,+1-878-836-1968,"3931 David Wells Apt. 551, North Mario, AZ 68892",6
392,Robin Young,brooksjamie@ortiz-rodriguez.biz,001-313-503-0587,"214 Mitchell Pike Suite 699, Thomasbury, NV 84036",1
393,Craig Morrison,melissa69@yahoo.com,(105)524-7286,"620 Michael Passage Apt. 543, New Jefferyburgh, ND 14376",6
394,Mary Thompson,afischer@hotmail.com,330.212.6065,"23920 Hanson Circle, Rodgersland, IA 54944",4
395,Kathleen Webster,mitchellpeters@yahoo.com,1917920252,"87508 Katie Lodge, Lake Stephenburgh, MI 63425",4
396,Joann Glass,kim62@hotmail.com,310-962-2728,"584 Taylor Drives Apt. 529, New Lisamouth, TN 73088",2
397,Madison Weber,seanlyons@garcia.biz,001-476-570-4120x092,"0827 Deanna Extensions, South Graceborough, WY 94505",6
398,Lori Hernandez,martintamara@gmail.com,206.678.4984x36241,"52229 Joyce Extension, Lake Ronaldmouth, OR 10378",9
399,Jeremy Turner,thomasburke@brown.com,623.690.3628x91775,"823 Mark Lakes, Port Becky, ND 27133",7
400,Anthony Romero,ramseysarah@mendez-meyer.org,+1-662-056-3411x1595,"6177 Robinson Valley Suite 430, Joseview, WI 65790",10
401,Jesse Brown,daniellegonzales@jefferson.com,3428113904,"79970 Ashley Mill, East Brianbury, PA 61909",3
402,Angela Lin,bowerswilliam@hall.com,830.341.9909,"137 Taylor Point Apt. 220, East Laurafurt, WY 95673",4
403,Lisa Hunter,christopherhill@gomez-foster.org,005.140.5468x3565,"00487 Stone Parkways, Baileyborough, WA 95140",3
404,Julian Conner,mclaughlincasey@dunn.net,(156)818-2096,"852 Dana Lock Apt. 030, Tiffanybury, SD 11250",3
405,Joanna Pacheco,sylvia43@hotmail.com,904.227.1133x2288,"71523 Andrew Drive Apt. 950, West Jamesview, WA 67528",7
406,Erica Alvarez,kspears@green.net,001-985-725-4596x0633,"96713 Davis Crescent, South Brandon, VA 20396",1
407,Antonio Garcia,gordonmatthew@pratt.net,+1-912-971-0248x171,"76720 Catherine Summit, North Danielfurt, DC 24186",3
408,Gwendolyn Klein,kchurch@yahoo.com,524.214.9551x127,"2587 James Road, North Kelly, NE 50345",6
409,Carrie Wright,susan77@atkins.biz,747-219-7054x669,"274 Edward Tunnel, Gregoryland, AK 73689",7
410,Jeffrey Mills,laurengutierrez@black-smith.com,+1-275-895-5168x74090,"0952 Caitlyn Lane, North Mary, ID 92333",4
411,Jake Campbell,christopher51@velazquez.org,001-380-214-6296x1367,"610 Jennifer Port Suite 297, Port Coltonmouth, FL 36606",5
412,George Harper,staceyvega@gmail.com,+1-157-787-1121x66365,"585 Parker Curve Apt. 041, North Donald, AR 55873",3
413,Maria Jones,jimmyallen@yahoo.com,559-737-1470,"3874 Gabriel River, South Jenniferland, NE 77939",2
414,Michael Mitchell,jameswright@kelly.com,+1-272-359-0960,"24815 Green Way, Port Natalie, SD 01494",7
415,Mary Escobar,duranamber@gmail.com,(673)030-6442x121,"30109 Velez Lodge Suite 975, Orozcoport, CA 49114",1
416,Felicia Aguilar,christine79@yahoo.com,614-768-3420x165,"4623 Mendoza Coves Apt. 476, North Bradleyton, DE 67895",8
417,Gregory Ponce,traceymoon@yahoo.com,001-423-567-7826x59608,"68317 Hill Course, Martinhaven, ND 02221",4
418,Jenna Larson,karenanderson@hotmail.com,+1-319-925-5027x275,"1290 Terri Squares Apt. 713, South Shawnbury, NH 93905",4
419,Emily Bennett,cayers@hotmail.com,648-072-7910,"45847 Gonzalez Locks, North Jane, AK 74573",8
420,Robin Santiago,xdalton@gmail.com,368.296.3533,"857 Warner Ranch Suite 703, New Adamborough, WI 26763",6
421,Nancy Jennings,wolfesteve@hotmail.com,+1-905-504-4817x76655,"4666 Christian Prairie, New Johnberg, NJ 02988",5
422,Maria Henderson,craignicolas@nguyen.com,+1-685-127-6528,"6614 Sims Burg Apt. 107, Estradaville, KS 05396",4
423,Jack White,joel79@diaz-jimenez.com,+1-286-646-4911x110,"388 Lori Port Suite 905, Lake Whitney, MD 23061",4
424,Travis Tucker,michael64@yahoo.com,+1-617-981-7890x463,"497 Logan Pines, Fowlerland, NH 77875",1
425,Chad Jones,tiffanyparks@le.net,786.137.1576,"6984 Robert Light, East Javierport, NM 63401",4
426,Ashley Wise,zgonzalez@hotmail.com,+1-605-384-4446x3060,"25623 Aguilar Crescent, Romanland, KS 22146",7
427,Sophia Johnson,lshaffer@porter-cowan.net,0258955296,"37087 Daniel Loop, Port Erictown, TN 82784",6
428,Ralph Anderson,jevans@hotmail.com,863.960.9626,"59989 Lester Creek, South Sydneyside, SC 77525",5
429,Christopher Guerra,kgarcia@lewis.info,001-265-826-3128x1964,"Unit 8018 Box 6448, DPO AE 21566",2
430,Rhonda Martin,qgarner@ward-grant.com,+1-253-110-6092,"8839 Compton Landing Suite 082, Port Anthonyside, MT 62669",5
431,Jason Rhodes,jenkinsmichael@hotmail.com,9819602752,"36914 Davis Rue, East Williamfort, OR 35944",6
432,Jeremy Mitchell,tiffanymitchell@nunez-freeman.info,343.836.4041,"827 Lane Skyway Suite 040, Jeromeville, WY 12092",9
433,Joann Ferguson,daustin@frye.com,(091)179-1124,"56078 Gregory Haven Apt. 565, Port Sarahshire, TN 88322",7
434,Robert Harrison,esweeney@gmail.com,211-753-6170x617,"0964 Reyes Gateway, Selenachester, KY 59884",9
435,Holly Valentine,jeremy54@adams.info,+1-136-657-2240x2990,"70285 Paul Estate, Bethanybury, SC 53798",6
436,Mrs. Diane Reyes,lgutierrez@gmail.com,557-998-0284,"89348 Patel Parkway, New Blake, DC 34387",1
437,Tracy Montoya,ebonyshepard@brady.com,390-808-8235,"799 Roger Road, North Kevinborough, DE 77374",2
438,Brenda Wright,bkelley@warren-ferrell.com,305-231-2447,"PSC 3592, Box 3613, APO AE 62774",5
439,Shelly Spencer,christopherhuynh@yahoo.com,158.477.6863,"2304 Hawkins Court, Cooktown, GA 47728",3
440,Ryan Rosales,johnmitchell@hotmail.com,234-619-9423x767,"PSC 4472, Box 4191, APO AA 42166",10
441,Phillip Nelson,alisonjackson@alvarado.info,(945)919-6639x55172,"440 Morales Circles, Camposfort, WA 09064",5
442,Brittany Kim,amy28@gmail.com,8496498560,"498 Amy Stream, Port Richardside, CT 36086",1
443,Courtney Hayes,omills@hotmail.com,256-253-1355,"8135 Samantha Road Suite 486, Lake Theresa, UT 81574",2
444,Alexander Brown,timothy31@yahoo.com,(510)505-3795,"694 Mark Radial Suite 501, New Dennisburgh, TX 63121",10
445,Cynthia Vang,robert24@gmail.com,816.493.8318,"Unit 3605 Box 1171, DPO AA 89992",7
446,Alfred Galvan,mauriceharrison@watts.info,919-665-5330x770,"886 Robert Gateway, Daughertyberg, NY 76426",6
447,Marie Moody,cannonlauren@hotmail.com,611-729-5963x904,"067 Brandon Ranch Suite 248, Haroldport, MS 49658",6
448,Dustin Gallegos,kelleyjacob@kim.biz,9074260880,"896 Jimenez Causeway Suite 642, Port Krystalport, NE 48235",7
449,Brenda Thornton,josehenderson@gmail.com,017-164-4556x18579,"8097 Tate Forges Apt. 890, Andersonstad, MO 50473",10
450,Aaron Miller,deborah84@yahoo.com,6477159103,"5401 Chen Rapids, Jeremyton, UT 89009",9
451,Ruben Dunn,whitekeith@gibson.info,0215632135,"22427 Brandt Neck, Collinsberg, MD 80883",2
452,Kelsey Rodriguez,andrew08@lopez.com,+1-004-010-4145,"12411 Bartlett Walk, Amandahaven, MS 08361",7
453,Eric Williams,jenniferacosta@gmail.com,001-964-229-7125x296,"79867 Frey Crossroad, Port Christian, PA 47472",10
454,Riley Bryant,alexisrobinson@collins-lloyd.com,+1-718-839-7745x7314,"7264 Danielle Manors, East Jessicaburgh, IL 69806",4
455,Taylor Carlson,riveramegan@gmail.com,001-415-833-1170x30376,"3659 Delacruz Place Apt. 785, West Tonya, HI 41102",5
456,Jose Allen,kimberly18@white-huang.com,715.398.8547,"545 Williams Springs, Scottstad, SD 61740",1
457,Jeffrey Mendez,martinezkayla@gmail.com,+1-281-235-6798x3631,"11232 Mitchell Plain, Flemingland, NV 52686",7
458,Jason Beck,cwright@gmail.com,624-912-7113x072,"427 Anthony Ways, Cohenland, NJ 46852",1
459,William Jones,boydtina@yahoo.com,078-754-1815x632,"96304 Espinoza Fields, South Chelseabury, VA 71977",9
460,Katie Mcneil,sharon20@hotmail.com,(868)507-4510x6634,"9353 Smith Walks, New Cesarfurt, NJ 66712",9
461,Jeanette Harrison,timothy43@clay-boyer.com,629.489.7861,"5244 Rangel Lake, Joseton, ND 28060",4
462,Veronica King,cynthianguyen@bauer.com,+1-031-310-0943x18143,"179 Shannon Tunnel Apt. 053, East Amandahaven, TN 33984",6
463,Richard Cooper,albertwilliams@hotmail.com,+1-666-134-7323x549,"996 Nicole Track Apt. 457, Port Timothy, NV 89764",7
464,Lori Ingram,nathandavis@gmail.com,012-897-4325x1225,"01986 Thompson Curve Apt. 839, Martinbury, OK 14028",2
465,Evelyn Williams,parksmatthew@hotmail.com,207.650.2412x095,"870 Mora Estate, East Zachary, AR 93783",6
466,Robin Thompson,kellyeric@moody.net,907.371.0094x3882,"21010 Jerry Alley, North Heatherfurt, NE 50230",10
467,Julie Dominguez,bquinn@hotmail.com,001-211-457-7584x74570,"987 Martinez Plaza, Port Kennethstad, WY 12682",6
468,Robin Brown,jennifer40@yahoo.com,(458)971-4802x632,"453 Brittany Throughway, Port Timothychester, WV 72634",2
469,Judith Carter,amy73@hotmail.com,(703)965-3136x148,"4695 Austin Flat, South Maryfurt, HI 00960",5
470,Curtis Williams,mario74@rocha.com,824.556.9644x309,"9671 Smith Spurs Apt. 666, Adamsland, SD 52010",9
471,Kaylee Hays,lori85@yahoo.com,591.679.5410x72728,"PSC 4113, Box 4078, APO AA 13683",5
472,Dawn Mullins,bgross@vincent.com,982-474-1407x0349,"708 Michael Points Apt. 668, West Angela, ND 95608",7
473,Howard Norman,alexandriajimenez@hotmail.com,074-065-0042,"69708 Amber Point Apt. 787, West Anthonyshire, HI 48082",6
474,Evelyn Martinez,marcus51@mills.com,(488)214-2369x143,"760 David Corners, South Nicole, MI 60080",7
475,Steve Paul,morganharris@lee-johnson.biz,7536661449,"0418 Kathleen Ports, Sarahland, NH 47845",5
476,Jasmine Beltran,brandon39@hotmail.com,296-592-3426x8344,"77741 Tracy Lights Apt. 118, West Christopher, OR 53298",9
477,Jonathan Glass MD,conradjason@hebert-collier.info,497-826-6128,"USCGC Adams, FPO AE 18970",3
478,Monica Miller,angela65@brown.com,585.756.7667x080,"8917 Lisa Greens Suite 421, Erinstad, AZ 42307",4
479,Samantha Gardner,blackburnsusan@gmail.com,001-612-943-9852x98940,"92257 Jennifer Brook, North Crystalbury, MA 54241",7
480,Bobby Guerrero,amandalopez@sandoval.net,001-626-078-7010x41591,"2324 Braun Parkway, New Cheryl, VA 37200",7
481,Lance Simmons,mirandabarbara@hotmail.com,975-019-8038x2872,"8822 Love Garden, East Victorialand, ND 49409",3
482,Heather Williams,kandrade@gmail.com,244.079.3110,"58011 Villegas Ridge, Port Steven, CT 86607",10
483,Heather Bolton,diane89@yahoo.com,(918)133-1708,"1053 Brown Port, East Bradley, CA 56886",10
484,William Gould,andrea55@yahoo.com,601.467.2384x979,"74189 Hoffman Islands, Jeremyberg, OK 68907",5
485,Mark Cox,charlene98@gmail.com,620-223-2883,"5294 Frye Trafficway, South Maryland, WY 94997",7
486,Meghan Cisneros,michael77@yahoo.com,744.197.5466x1766,"3481 Rachel Stream, North Jonathanton, MI 74095",9
487,Lawrence Harrington,birdcaitlin@taylor.com,(047)196-0940,"21743 Kim Pine Apt. 526, South Michelleside, AZ 98193",1
488,Austin Osborne,andrew48@hawkins.com,+1-970-527-7402x5883,"834 Galvan Parkway, New Kevin, MD 30365",5
489,James Bradley,eric45@hotmail.com,(868)122-5957x244,"2805 Brown Via Suite 406, Shanemouth, CO 48240",5
490,Meghan Rush,jonathanevans@ross.com,(176)792-9884x2599,"USNS Harris, FPO AE 96076",4
491,Phillip Berry,tracynolan@hotmail.com,(996)100-2311x775,"551 Trevor Squares, Jessicaville, IN 13572",7
492,Jennifer Banks,benjamin96@deleon.com,001-331-266-1094x10175,"USS Ford, FPO AP 51343",10
493,Brian Fitzgerald,hconrad@gmail.com,+1-025-176-2983x347,"54760 Gary Burg, Lovestad, IN 41805",10
494,Mr. Justin Green III,hbrown@flores.com,433.268.3190x130,"120 Elizabeth Falls Suite 595, North Ericchester, UT 07156",6
495,Zachary Mitchell,ericnunez@yahoo.com,(056)981-5287,"3259 Alexander River, Antonioport, NM 13594",8
496,Katherine Martinez,walkerkeith@yahoo.com,397.855.9821,"79805 Schneider Fort, North Alecfurt, TX 82033",8
497,Jodi Roach,matthewalvarez@williams.net,661.912.8411x730,"039 Aaron Keys Apt. 036, New Cherylport, CA 71641",8
498,Brandon Fleming,kathleencastillo@gmail.com,+1-850-344-6512x418,"59928 Reed Terrace, West Gina, FL 06491",4
499,Emma Reed,mpearson@hotmail.com,001-389-846-9081,"06799 Dawn Locks, Hahnside, CA 72162",9
500,Joshua Vance,charlesfrank@cohen-johnston.com,001-740-056-4350,"4037 Benson Crossroad Apt. 394, Biancastad, IN 03189",8
