id,name,address,region_id
1,"Williams, Campos and Cummings","USCGC Carter, FPO AP 34718",2
2,"Jackson, Walters and Michael","8467 Wayne Neck, Lake Davidfort, MT 84746",10
3,"Garcia, Pena and Adams","36510 Joseph Hill, Stephanieview, PA 78528",1
4,Howell Group,"USCGC Webb, FPO AP 45451",6
5,"Wallace, Ortiz and Murray","USCGC Cardenas, FPO AA 22106",9
6,"Neal, Gomez and Watkins","2215 Carr Mews, Taylorchester, HI 24649",7
7,"Castaneda, Day and Weaver","USNS Martinez, FPO AE 43988",6
8,Bell-Jimenez,"0474 Lester Hollow Suite 559, New Samuel, CT 30878",2
9,"Lowe, Ewing and Short","71245 Robinson Expressway Apt. 036, Lake Jack, CA 94496",9
10,Miles Group,"277 Ronald Groves, New Michael, VT 88988",6
11,Dominguez-Short,"29425 Jennifer Island Apt. 618, Tracyland, CA 07675",1
12,"Cruz, Jackson and Kane","054 Jonathan Motorway, Josephbury, MN 84207",7
13,"Gallegos, Taylor and West","7841 Wilson Prairie, Jacquelineshire, ID 34574",8
14,Jensen-Watkins,"53788 Jeffrey Crossing, South Christopher, CA 90728",2
15,Cooper and Sons,"0878 Lisa Point, West Laurafort, NJ 26230",7
16,"Nelson, Graham and Fields","51521 Holt Lodge Suite 353, Burnetthaven, CT 67594",6
17,Rojas-Tanner,"6734 Booth Parks, Lake Timothyfurt, OR 52600",8
18,"Hensley, Johnson and Adams","3362 Oneal Roads, Greenmouth, RI 77511",3
19,Thomas-Williamson,"010 Castillo Ports, New Rebeccamouth, CT 92811",7
20,Garza-Shea,"844 Debra Loaf Suite 884, Aguilarmouth, OH 49120",3
21,Duran PLC,"9582 Megan Center Apt. 217, Simonland, DC 39722",9
22,"Sanders, Smith and Smith","971 Smith Isle, Ruthview, CT 35349",5
23,"Ellis, Parks and Jimenez","7286 Christopher Stream, Lake Anthony, NY 45290",10
24,"Bell, Williamson and Duncan","93978 Joshua Junction, Port Andrewshire, GA 14311",9
25,Hill-Mckay,"5286 Richards Forges, Christophermouth, NY 71078",8
26,Lang PLC,"053 Emily Brooks Apt. 193, North Johnside, OK 62669",8
27,Rodriguez-Murray,"1360 Hannah Islands Apt. 810, Markberg, IL 94169",7
28,Combs-Stone,"58736 Taylor Mill Apt. 358, Carrollborough, IA 81592",10
29,"Cooper, Ross and Perkins","585 Davis Roads, Shannonbury, SD 44319",5
30,"Rodriguez, James and Frank","97925 Clarke Crescent Apt. 643, Huberton, DC 67093",6
31,"Johnson, Roberts and Smith","PSC 7727, Box 0289, APO AA 85718",4
32,"Jackson, Bowman and Drake","3428 Nicholas Glens, Caseychester, AZ 14242",2
33,Murphy and Sons,"3584 Clayton Canyon Suite 103, East Tracyborough, KS 19206",5
34,Houston Inc,"2814 Rhodes Motorway, New Karibury, MD 28211",8
35,Ross Group,"PSC 9690, Box 6764, APO AP 99613",4
36,Sanders LLC,"228 Mays Pass, Hubbardmouth, MI 15166",8
37,"Guzman, Brown and Larsen","8727 Shawn Flat, Lake Tammyside, DE 14349",10
38,Nelson LLC,"034 Brittany Trace Apt. 873, Ramosstad, IN 96484",10
39,Meyer-Carrillo,"7704 Jesse Branch Apt. 915, New Margaret, MT 03540",7
40,Hawkins PLC,"2542 Sandra Cliff, Port Molly, CO 80613",6
41,"Peters, Golden and Ballard","7204 Jones Centers Suite 941, East Joseph, IA 72700",1
42,Olson-Estrada,"794 Stephanie Divide, Port Joshua, AK 77490",8
43,"Arnold, Montgomery and Doyle","64963 Gregory Common Suite 422, Alexisborough, MT 13566",6
44,Whitaker-Paul,"34686 Grace Forge, South Alexanderside, NV 91525",3
45,Tran Group,"00953 Barry Mall, North Ashley, MT 71765",8
46,Smith Group,"7795 Brian Park, East Matthew, OK 02116",4
47,Herman-Williams,"97130 Jackson Course Apt. 386, Lake Williamland, MS 65462",6
48,Williams LLC,"45461 Rodriguez Expressway, South Marymouth, ME 32597",5
49,"Myers, Shelton and Garcia","44225 Christopher Locks, East Matthewborough, OR 35874",6
50,"Kelly, Harris and Pruitt","094 Harmon Mission, Warefurt, AK 27795",5
